-- phpMyAdmin SQL Dump
-- version 5.2.1
-- https://www.phpmyadmin.net/
--
-- Servidor: 127.0.0.1
-- Tiempo de generaci칩n: 06-11-2025 a las 15:21:13
-- Versi칩n del servidor: 10.4.32-MariaDB
-- Versi칩n de PHP: 8.2.12

SET SQL_MODE = "NO_AUTO_VALUE_ON_ZERO";
START TRANSACTION;
SET time_zone = "+00:00";


/*!40101 SET @OLD_CHARACTER_SET_CLIENT=@@CHARACTER_SET_CLIENT */;
/*!40101 SET @OLD_CHARACTER_SET_RESULTS=@@CHARACTER_SET_RESULTS */;
/*!40101 SET @OLD_COLLATION_CONNECTION=@@COLLATION_CONNECTION */;
/*!40101 SET NAMES utf8mb4 */;

--
-- Base de datos: `datos_unireportes`
--

-- --------------------------------------------------------

--
-- Estructura de tabla para la tabla `archivos`
--

CREATE TABLE `archivos` (
  `id_archivo` int(11) NOT NULL,
  `id_reporte` int(11) DEFAULT NULL,
  `url` varchar(500) DEFAULT NULL,
  `tipo` varchar(100) DEFAULT NULL,
  `fecha_subida` datetime DEFAULT current_timestamp()
) ENGINE=InnoDB DEFAULT CHARSET=utf8mb4 COLLATE=utf8mb4_general_ci;

-- --------------------------------------------------------

--
-- Estructura de tabla para la tabla `categorias`
--

CREATE TABLE `categorias` (
  `id_categoria` int(11) NOT NULL,
  `id_dependencia` int(11) DEFAULT NULL,
  `nombre` varchar(200) NOT NULL,
  `descripcion` text DEFAULT NULL
) ENGINE=InnoDB DEFAULT CHARSET=utf8mb4 COLLATE=utf8mb4_general_ci;

--
-- Volcado de datos para la tabla `categorias`
--

INSERT INTO `categorias` (`id_categoria`, `id_dependencia`, `nombre`, `descripcion`) VALUES
(1, NULL, 'Infraestructura', 'Problemas con edificios, aulas, ba침os'),
(2, NULL, 'Tecnolog칤a', 'Problemas con equipos, internet, proyectores'),
(3, NULL, 'Seguridad', 'Problemas de seguridad, iluminaci칩n'),
(4, NULL, 'Limpieza', 'Problemas de aseo y mantenimiento'),
(5, NULL, 'Otros', 'Otros problemas no clasificados'),
(6, NULL, 'Urgencia', 'Reportes que requieren atenci칩n inmediata');

-- --------------------------------------------------------

--
-- Estructura de tabla para la tabla `comentarios`
--

CREATE TABLE `comentarios` (
  `id_comentario` int(11) NOT NULL,
  `id_reporte` int(11) DEFAULT NULL,
  `id_usuario` int(11) DEFAULT NULL,
  `comentario` text DEFAULT NULL,
  `fecha` datetime DEFAULT current_timestamp()
) ENGINE=InnoDB DEFAULT CHARSET=utf8mb4 COLLATE=utf8mb4_general_ci;

-- --------------------------------------------------------

--
-- Estructura de tabla para la tabla `dependencias`
--

CREATE TABLE `dependencias` (
  `id_dependencia` int(11) NOT NULL,
  `nombre` varchar(200) NOT NULL,
  `descripcion` text DEFAULT NULL,
  `telefono` varchar(50) DEFAULT NULL,
  `correo_contacto` varchar(200) DEFAULT NULL
) ENGINE=InnoDB DEFAULT CHARSET=utf8mb4 COLLATE=utf8mb4_general_ci;

--
-- Volcado de datos para la tabla `dependencias`
--

INSERT INTO `dependencias` (`id_dependencia`, `nombre`, `descripcion`, `telefono`, `correo_contacto`) VALUES
(1, 'Servicios Generales', 'Mantenimiento general y limpieza', '+57 1 234-5678', 'servicios@uni.local'),
(2, 'Tecnolog칤a e Inform치tica', 'Soporte t칠cnico y equipos', '+57 1 234-5679', 'soporte@uni.local'),
(3, 'Seguridad F칤sica', 'Vigilancia y seguridad del campus', '+57 1 234-5680', 'seguridad@uni.local');

-- --------------------------------------------------------

--
-- Estructura de tabla para la tabla `estados`
--

CREATE TABLE `estados` (
  `id_estado` int(11) NOT NULL,
  `nombre` varchar(50) NOT NULL,
  `orden` tinyint(3) UNSIGNED DEFAULT NULL,
  `fecha_creacion` datetime DEFAULT current_timestamp()
) ENGINE=InnoDB DEFAULT CHARSET=utf8mb4 COLLATE=utf8mb4_general_ci;

--
-- Volcado de datos para la tabla `estados`
--

INSERT INTO `estados` (`id_estado`, `nombre`, `orden`, `fecha_creacion`) VALUES
(1, 'pendiente', 1, '2025-11-04 19:19:35'),
(2, 'revisado', 2, '2025-11-04 19:19:35'),
(3, 'en proceso', 3, '2025-11-04 19:19:35'),
(4, 'resuelto', 4, '2025-11-04 19:19:35');

-- --------------------------------------------------------

--
-- Estructura de tabla para la tabla `historial_cambios`
--

CREATE TABLE `historial_cambios` (
  `id_historial` int(11) NOT NULL,
  `id_reporte` int(11) NOT NULL,
  `tipo` varchar(30) NOT NULL,
  `id_estado_anterior` int(11) DEFAULT NULL,
  `id_estado_nuevo` int(11) DEFAULT NULL,
  `id_usuario_actor` int(11) DEFAULT NULL,
  `id_usuario_asignado` int(11) DEFAULT NULL,
  `id_dependencia_asignada` int(11) DEFAULT NULL,
  `descripcion` text DEFAULT NULL,
  `campo` varchar(50) DEFAULT NULL,
  `valor_anterior` text DEFAULT NULL,
  `valor_nuevo` text DEFAULT NULL,
  `cambios_json` longtext CHARACTER SET utf8mb4 COLLATE utf8mb4_bin DEFAULT NULL CHECK (json_valid(`cambios_json`)),
  `fecha` datetime DEFAULT current_timestamp()
) ENGINE=InnoDB DEFAULT CHARSET=utf8mb4 COLLATE=utf8mb4_general_ci;

-- --------------------------------------------------------

--
-- Estructura de tabla para la tabla `notificaciones`
--

CREATE TABLE `notificaciones` (
  `id_notificacion` int(11) NOT NULL,
  `tipo` varchar(50) NOT NULL COMMENT 'reporte_actualizado, comentario_nuevo, estado_cambio, etc',
  `titulo` varchar(255) NOT NULL,
  `mensaje` text DEFAULT NULL,
  `enlace` varchar(500) DEFAULT NULL COMMENT 'URL al recurso relacionado',
  `prioridad` tinyint(1) DEFAULT 1 COMMENT '1=baja, 2=normal, 3=alta',
  `icono` varchar(100) DEFAULT NULL COMMENT 'Clase CSS del icono',
  `color` varchar(50) DEFAULT NULL COMMENT 'Color del tipo de notificaci칩n',
  `id_reporte` int(11) DEFAULT NULL COMMENT 'Reporte relacionado',
  `id_comentario` int(11) DEFAULT NULL COMMENT 'Comentario relacionado',
  `id_usuario_actor` int(11) DEFAULT NULL COMMENT 'Usuario que gener칩 la acci칩n',
  `metadata` longtext CHARACTER SET utf8mb4 COLLATE utf8mb4_bin DEFAULT NULL CHECK (json_valid(`metadata`)),
  `created_at` datetime DEFAULT current_timestamp()
) ENGINE=InnoDB DEFAULT CHARSET=utf8mb4 COLLATE=utf8mb4_general_ci;

-- --------------------------------------------------------

--
-- Estructura de tabla para la tabla `notificaciones_usuarios`
--

CREATE TABLE `notificaciones_usuarios` (
  `id_notificacion_usuario` int(11) NOT NULL,
  `id_notificacion` int(11) NOT NULL,
  `id_usuario` int(11) NOT NULL COMMENT 'Usuario destinatario',
  `leido` tinyint(1) DEFAULT 0 COMMENT '0=no le칤do, 1=le칤do',
  `leido_at` datetime DEFAULT NULL,
  `archivado` tinyint(1) DEFAULT 0 COMMENT '0=activo, 1=archivado',
  `created_at` datetime DEFAULT current_timestamp()
) ENGINE=InnoDB DEFAULT CHARSET=utf8mb4 COLLATE=utf8mb4_general_ci;

-- --------------------------------------------------------

--
-- Estructura de tabla para la tabla `objetos`
--

CREATE TABLE `objetos` (
  `id_objeto` int(11) NOT NULL,
  `id_categoria` int(11) DEFAULT NULL,
  `nombre` varchar(200) NOT NULL,
  `especificaciones` text DEFAULT NULL,
  `fecha_registro` datetime DEFAULT current_timestamp()
) ENGINE=InnoDB DEFAULT CHARSET=utf8mb4 COLLATE=utf8mb4_general_ci;

--
-- Volcado de datos para la tabla `objetos`
--

INSERT INTO `objetos` (`id_objeto`, `id_categoria`, `nombre`, `especificaciones`, `fecha_registro`) VALUES
(1, 1, 'Puerta', 'Puertas de aulas, oficinas o edificios', '2025-11-02 11:09:52'),
(2, 1, 'Ventana', 'Ventanas y cristales', '2025-11-02 11:09:52'),
(3, 1, 'Techo', 'Techos y cielo rasos', '2025-11-02 11:09:52'),
(4, 1, 'Piso', 'Pisos, baldosas y superficies', '2025-11-02 11:09:52'),
(5, 1, 'Pared', 'Paredes y muros', '2025-11-02 11:09:52'),
(6, 1, 'Escalera', 'Escaleras y pasamanos', '2025-11-02 11:09:52'),
(7, 1, 'Ascensor', 'Elevadores y montacargas', '2025-11-02 11:09:52'),
(8, 1, 'Ba침o', 'Sanitarios, lavamanos e instalaciones sanitarias', '2025-11-02 11:09:52'),
(9, 1, 'Iluminaci칩n', 'L치mparas, bombillos y sistemas de luz', '2025-11-02 11:09:52'),
(10, 1, 'Pintura', 'Pintura de paredes y superficies', '2025-11-02 11:09:52'),
(11, 1, 'Silla', 'Sillas de aulas y oficinas', '2025-11-02 11:09:52'),
(12, 1, 'Mesa', 'Mesas y escritorios', '2025-11-02 11:09:52'),
(13, 1, 'Pupitre', 'Pupitres de estudiantes', '2025-11-02 11:09:52'),
(14, 1, 'Pizarra', 'Pizarras acr칤licas o tradicionales', '2025-11-02 11:09:52'),
(15, 1, 'Estante', 'Estanter칤as y libreros', '2025-11-02 11:09:52'),
(16, 1, 'Archivador', 'Archivadores y gabinetes', '2025-11-02 11:09:52'),
(17, 1, 'Locker', 'Casilleros de estudiantes', '2025-11-02 11:09:52'),
(18, 1, 'Banca', 'Bancas y asientos p칰blicos', '2025-11-02 11:09:52'),
(19, 1, 'Tuber칤a', 'Tuber칤as de agua o desag칲e', '2025-11-02 11:09:52'),
(20, 1, 'Desag칲e', 'Sistemas de drenaje', '2025-11-02 11:09:52'),
(21, 2, 'Computador', 'Computadores de escritorio', '2025-11-02 11:09:53'),
(22, 2, 'Port치til', 'Computadores port치tiles', '2025-11-02 11:09:53'),
(23, 2, 'Proyector', 'Video beams y proyectores', '2025-11-02 11:09:53'),
(24, 2, 'Pantalla', 'Pantallas de proyecci칩n', '2025-11-02 11:09:53'),
(25, 2, 'Aire Acondicionado', 'Equipos de climatizaci칩n', '2025-11-02 11:09:53'),
(26, 2, 'Ventilador', 'Ventiladores de techo o pared', '2025-11-02 11:09:53'),
(27, 2, 'Impresora', 'Impresoras y fotocopiadoras', '2025-11-02 11:09:53'),
(28, 2, 'Red WiFi', 'Conexi칩n a internet inal치mbrica', '2025-11-02 11:09:53'),
(29, 2, 'Cableado', 'Cables de red y electricidad', '2025-11-02 11:09:53'),
(30, 2, 'Tablero El칠ctrico', 'Breakers y tableros el칠ctricos', '2025-11-02 11:09:53'),
(31, 2, 'Toma Corriente', 'Enchufes y conexiones el칠ctricas', '2025-11-02 11:09:53'),
(32, 2, 'Micr칩fono', 'Micr칩fonos y equipos de audio', '2025-11-02 11:09:53'),
(33, 2, 'Parlantes', 'Altavoces y sistemas de sonido', '2025-11-02 11:09:53'),
(34, 2, 'Router', 'Routers y equipos de red', '2025-11-02 11:09:53'),
(35, 2, 'Switch', 'Switches de red', '2025-11-02 11:09:53'),
(36, 2, 'C치mara Web', 'C치maras para videoconferencias', '2025-11-02 11:09:53'),
(37, 2, 'Monitor', 'Pantallas de computador', '2025-11-02 11:09:53'),
(38, 2, 'Teclado', 'Teclados de computador', '2025-11-02 11:09:53'),
(39, 2, 'Mouse', 'Ratones de computador', '2025-11-02 11:09:53'),
(40, 2, 'UPS', 'Sistemas de energ칤a ininterrumpida', '2025-11-02 11:09:53'),
(41, 3, 'Cerradura', 'Cerraduras y chapas', '2025-11-02 11:09:53'),
(42, 3, 'C치mara de Seguridad', 'C치maras de vigilancia', '2025-11-02 11:09:53'),
(43, 3, 'Extintor', 'Extintores de incendios', '2025-11-02 11:09:53'),
(44, 3, 'Alarma', 'Sistemas de alarma', '2025-11-02 11:09:53'),
(45, 3, 'Se침alizaci칩n', 'Se침ales de evacuaci칩n o seguridad', '2025-11-02 11:09:53'),
(46, 3, 'Iluminaci칩n de Emergencia', 'Luces de emergencia', '2025-11-02 11:09:53'),
(47, 3, 'Botiqu칤n', 'Botiquines de primeros auxilios', '2025-11-02 11:09:53'),
(48, 3, 'Valla', 'Vallas y cercas de seguridad', '2025-11-02 11:09:53'),
(49, 3, 'Candado', 'Candados y sistemas de cierre', '2025-11-02 11:09:53'),
(50, 3, 'Detector de Humo', 'Detectores de humo e incendios', '2025-11-02 11:09:53'),
(51, 3, 'Salida de Emergencia', 'Puertas de emergencia', '2025-11-02 11:09:53'),
(52, 3, 'Hidrante', 'Hidrantes y mangueras contra incendios', '2025-11-02 11:09:53'),
(53, 4, 'Basura Acumulada', 'Acumulaci칩n de basura o desechos', '2025-11-02 11:09:53'),
(54, 4, 'Caneca', 'Canecas de basura da침adas o faltantes', '2025-11-02 11:09:53'),
(55, 4, 'Ba침o Sucio', 'Sanitarios en mal estado de limpieza', '2025-11-02 11:09:53'),
(56, 4, 'Piso Sucio', 'Pisos sin limpieza', '2025-11-02 11:09:53'),
(57, 4, 'Vidrios Sucios', 'Ventanas y vidrios sin limpiar', '2025-11-02 11:09:53'),
(58, 4, 'Grafiti', 'Pintas o grafitis en paredes', '2025-11-02 11:09:53'),
(59, 4, 'Polvo', 'Acumulaci칩n de polvo', '2025-11-02 11:09:53'),
(60, 4, 'Desorden', '츼reas desordenadas', '2025-11-02 11:09:53'),
(61, 4, 'Malos Olores', 'Olores desagradables', '2025-11-02 11:09:53'),
(62, 4, 'Plagas', 'Presencia de insectos o roedores', '2025-11-02 11:09:53'),
(63, 5, 'Jard칤n', 'Jardines y 치reas verdes', '2025-11-02 11:09:53'),
(64, 5, 'Cancha', 'Canchas deportivas', '2025-11-02 11:09:53'),
(65, 5, 'Parqueadero', 'Estacionamientos', '2025-11-02 11:09:53'),
(66, 5, 'Cafeter칤a', '츼rea de cafeter칤a', '2025-11-02 11:09:53'),
(67, 5, 'Bebedero', 'Bebederos de agua', '2025-11-02 11:09:53'),
(68, 5, 'Auditorio', 'Auditorios y salas m칰ltiples', '2025-11-02 11:09:53'),
(69, 5, 'Biblioteca', 'Instalaciones de biblioteca', '2025-11-02 11:09:53'),
(70, 5, 'Pasillo', 'Pasillos y corredores', '2025-11-02 11:09:53'),
(71, 5, 'Rampa', 'Rampas de accesibilidad', '2025-11-02 11:09:53'),
(72, 5, 'Ascensor', 'Elevadores', '2025-11-02 11:09:53'),
(73, 5, 'Otro', 'Objeto no especificado', '2025-11-02 11:09:53'),
(74, 5, 'Desconocido', 'Objeto sin identificar', '2025-11-02 11:09:53');

-- --------------------------------------------------------

--
-- Estructura de tabla para la tabla `reportes`
--

CREATE TABLE `reportes` (
  `id_reporte` int(11) NOT NULL,
  `id_objeto` int(11) DEFAULT NULL,
  `id_usuario` int(11) DEFAULT NULL,
  `id_categoria` int(11) DEFAULT NULL,
  `titulo` varchar(255) DEFAULT NULL,
  `descripcion` text DEFAULT NULL,
  `id_salon` int(11) DEFAULT NULL,
  `fecha_reporte` datetime DEFAULT NULL,
  `id_estado` int(11) NOT NULL DEFAULT 1,
  `fecha_creacion` datetime DEFAULT current_timestamp()
) ENGINE=InnoDB DEFAULT CHARSET=utf8mb4 COLLATE=utf8mb4_general_ci;

--
-- Volcado de datos para la tabla `reportes`
--

INSERT INTO `reportes` (`id_reporte`, `id_objeto`, `id_usuario`, `id_categoria`, `titulo`, `descripcion`, `id_salon`, `fecha_reporte`, `id_estado`, `fecha_creacion`) VALUES
(2, 39, 2, 2, 'Mouse da침ado en sala de c칩mputo', 'El mouse del equipo #7 no funciona; probado en otro puerto sin respuesta.', 65, '2025-11-04 16:25:10', 1, '2025-11-04 16:25:10'),
(3, NULL, 1, 1, 'Prueba de Reporte', 'Este es un reporte de prueba', 1, '2025-11-04 18:00:25', 1, '2025-11-04 18:00:25'),
(4, NULL, 1, 2, 'Segundo Reporte de Prueba', 'Este es otro reporte para verificar que funciona', 2, '2025-11-04 18:07:54', 1, '2025-11-04 18:07:54'),
(5, NULL, 1, 2, 'Pantalla rota', 'pantalla 10 rota', 66, '2025-11-04 18:36:51', 1, '2025-11-04 18:36:51'),
(6, NULL, 3, 1, 'Luces da침adas', 'Varias luces parecen quemadas porque no prenden', 48, '2025-11-04 19:52:48', 1, '2025-11-04 19:52:48'),
(7, NULL, 6, 1, 'el ascensor no sirve', 'el ascensor dejo de servir', 36, '2025-11-01 09:04:00', 1, '2025-11-05 09:05:41'),
(8, NULL, 1, 4, 'limpieza', 'sssssssssssssss', 65, '2025-11-05 09:22:00', 1, '2025-11-05 09:23:07'),
(9, NULL, 3, 1, 'Luces da침adas', 'Prueba de guardado de imagen', 66, '2025-10-25 18:21:00', 1, '2025-11-05 18:18:02');

-- --------------------------------------------------------

--
-- Estructura de tabla para la tabla `salones`
--

CREATE TABLE `salones` (
  `id_salon` int(11) NOT NULL,
  `ubicacion` int(11) NOT NULL,
  `nombre` varchar(200) NOT NULL,
  `capacidad` int(11) DEFAULT NULL,
  `tipo` varchar(100) DEFAULT NULL,
  `fecha_creacion` datetime DEFAULT current_timestamp()
) ENGINE=InnoDB DEFAULT CHARSET=utf8mb4 COLLATE=utf8mb4_general_ci;

--
-- Volcado de datos para la tabla `salones`
--

INSERT INTO `salones` (`id_salon`, `ubicacion`, `nombre`, `capacidad`, `tipo`, `fecha_creacion`) VALUES
(1, 6, 'MCS 101', 40, 'Aula', '2025-11-02 00:00:00'),
(2, 6, 'MCS 102', 40, 'Aula', '2025-11-02 00:00:00'),
(3, 6, 'MCS 103', 40, 'Aula', '2025-11-02 00:00:00'),
(4, 6, 'MCS 104', 40, 'Aula', '2025-11-02 00:00:00'),
(5, 6, 'MCS 105', 40, 'Aula', '2025-11-02 00:00:00'),
(6, 6, 'MCS 106', 40, 'Aula', '2025-11-02 00:00:00'),
(7, 6, 'MCS 107', 40, 'Aula', '2025-11-02 00:00:00'),
(8, 6, 'MCS 108', 40, 'Aula', '2025-11-02 00:00:00'),
(9, 6, 'MCS 201', 40, 'Aula', '2025-11-02 00:00:00'),
(10, 6, 'MCS 202', 40, 'Aula', '2025-11-02 00:00:00'),
(11, 6, 'MCS 203', 40, 'Aula', '2025-11-02 00:00:00'),
(12, 6, 'MCS 204', 40, 'Aula', '2025-11-02 00:00:00'),
(13, 6, 'MCS 205', 40, 'Aula', '2025-11-02 00:00:00'),
(14, 6, 'MCS 206', 40, 'Aula', '2025-11-02 00:00:00'),
(15, 6, 'MCS 207', 40, 'Aula', '2025-11-02 00:00:00'),
(16, 6, 'MCS 208', 40, 'Aula', '2025-11-02 00:00:00'),
(17, 6, 'MCS 301', 40, 'Aula', '2025-11-02 00:00:00'),
(18, 6, 'MCS 302', 40, 'Aula', '2025-11-02 00:00:00'),
(19, 6, 'MCS 303', 40, 'Aula', '2025-11-02 00:00:00'),
(20, 6, 'MCS 304', 40, 'Aula', '2025-11-02 00:00:00'),
(21, 6, 'MCS 305', 40, 'Aula', '2025-11-02 00:00:00'),
(22, 6, 'MCS 306', 40, 'Aula', '2025-11-02 00:00:00'),
(23, 6, 'MCS 307', 40, 'Aula', '2025-11-02 00:00:00'),
(24, 6, 'MCS 308', 40, 'Aula', '2025-11-02 00:00:00'),
(25, 6, 'MCS 401', 40, 'Aula', '2025-11-02 00:00:00'),
(26, 6, 'MCS 402', 40, 'Aula', '2025-11-02 00:00:00'),
(27, 6, 'MCS 403', 40, 'Aula', '2025-11-02 00:00:00'),
(28, 6, 'MCS 404', 40, 'Aula', '2025-11-02 00:00:00'),
(29, 6, 'MCS 405', 40, 'Aula', '2025-11-02 00:00:00'),
(30, 6, 'MCS 406', 40, 'Aula', '2025-11-02 00:00:00'),
(31, 6, 'MCS 407', 40, 'Aula', '2025-11-02 00:00:00'),
(32, 6, 'MCS 408', 40, 'Aula', '2025-11-02 00:00:00'),
(33, 6, 'MCN 101', 40, 'Aula', '2025-11-02 00:00:00'),
(34, 6, 'MCN 102', 40, 'Aula', '2025-11-02 00:00:00'),
(35, 6, 'MCN 103', 40, 'Aula', '2025-11-02 00:00:00'),
(36, 6, 'MCN 104', 40, 'Aula', '2025-11-02 00:00:00'),
(37, 6, 'MCN 105', 40, 'Aula', '2025-11-02 00:00:00'),
(38, 6, 'MCN 106', 40, 'Aula', '2025-11-02 00:00:00'),
(39, 6, 'MCN 107', 40, 'Aula', '2025-11-02 00:00:00'),
(40, 6, 'MCN 108', 40, 'Aula', '2025-11-02 00:00:00'),
(41, 6, 'MCN 201', 40, 'Aula', '2025-11-02 00:00:00'),
(42, 6, 'MCN 202', 40, 'Aula', '2025-11-02 00:00:00'),
(43, 6, 'MCN 203', 40, 'Aula', '2025-11-02 00:00:00'),
(44, 6, 'MCN 204', 40, 'Aula', '2025-11-02 00:00:00'),
(45, 6, 'MCN 205', 40, 'Aula', '2025-11-02 00:00:00'),
(46, 6, 'MCN 206', 40, 'Aula', '2025-11-02 00:00:00'),
(47, 6, 'MCN 207', 40, 'Aula', '2025-11-02 00:00:00'),
(48, 6, 'MCN 208', 40, 'Aula', '2025-11-02 00:00:00'),
(49, 6, 'MCN 301', 40, 'Aula', '2025-11-02 00:00:00'),
(50, 6, 'MCN 302', 40, 'Aula', '2025-11-02 00:00:00'),
(51, 6, 'MCN 303', 40, 'Aula', '2025-11-02 00:00:00'),
(52, 6, 'MCN 304', 40, 'Aula', '2025-11-02 00:00:00'),
(53, 6, 'MCN 305', 40, 'Aula', '2025-11-02 00:00:00'),
(54, 6, 'MCN 306', 40, 'Aula', '2025-11-02 00:00:00'),
(55, 6, 'MCN 307', 40, 'Aula', '2025-11-02 00:00:00'),
(56, 6, 'MCN 308', 40, 'Aula', '2025-11-02 00:00:00'),
(57, 6, 'MCN 401', 40, 'Aula', '2025-11-02 00:00:00'),
(58, 6, 'MCN 402', 40, 'Aula', '2025-11-02 00:00:00'),
(59, 6, 'MCN 403', 40, 'Aula', '2025-11-02 00:00:00'),
(60, 6, 'MCN 404', 40, 'Aula', '2025-11-02 00:00:00'),
(61, 6, 'MCN 405', 40, 'Aula', '2025-11-02 00:00:00'),
(62, 6, 'MCN 406', 40, 'Aula', '2025-11-02 00:00:00'),
(63, 6, 'MCN 407', 40, 'Aula', '2025-11-02 00:00:00'),
(64, 6, 'MCN 408', 40, 'Aula', '2025-11-02 00:00:00'),
(65, 11, 'Sal칩n de Internet', 30, 'Laboratorio', '2025-11-02 00:00:00'),
(66, 11, 'Tecnolog칤a de la Informaci칩n', 30, 'Laboratorio', '2025-11-02 00:00:00');

-- --------------------------------------------------------

--
-- Estructura de tabla para la tabla `ubicaciones`
--

CREATE TABLE `ubicaciones` (
  `id_ubicacion` int(11) NOT NULL,
  `nombre` varchar(200) NOT NULL,
  `descripcion` text DEFAULT NULL,
  `fecha_creacion` datetime DEFAULT current_timestamp()
) ENGINE=InnoDB DEFAULT CHARSET=utf8mb4 COLLATE=utf8mb4_general_ci;

--
-- Volcado de datos para la tabla `ubicaciones`
--

INSERT INTO `ubicaciones` (`id_ubicacion`, `nombre`, `descripcion`, `fecha_creacion`) VALUES
(1, 'Entrada Principal', NULL, '2025-11-02 00:00:00'),
(2, 'Admisiones, Registro y Control Acad칠mico', NULL, '2025-11-02 00:00:00'),
(3, 'Edificio Administrativo Roque Morelli Z치rate', NULL, '2025-11-02 00:00:00'),
(4, 'Edificio de Aulas Sierra Nevada', NULL, '2025-11-02 00:00:00'),
(5, 'Edificio de Aulas Ci칠naga Grande', NULL, '2025-11-02 00:00:00'),
(6, 'Edificio de Aulas Mar Caribe', NULL, '2025-11-02 00:00:00'),
(7, 'Oficina de Relaciones Internacionales - ORI', NULL, '2025-11-02 00:00:00'),
(8, 'Centro de Bienestar Universitario', NULL, '2025-11-02 00:00:00'),
(9, 'Bloque II', NULL, '2025-11-02 00:00:00'),
(10, 'Consultorios Programa de Atenci칩n Psicol칩gica - PAP', NULL, '2025-11-02 00:00:00'),
(11, 'Bloque III - Salas de Aplicaciones Inform치ticas', NULL, '2025-11-02 00:00:00'),
(12, 'Bloque IV - Recursos Educativos', NULL, '2025-11-02 00:00:00'),
(13, 'Bloque V - Auditorio Julio Otero Mu침oz', NULL, '2025-11-02 00:00:00'),
(14, 'Cl칤nica Odontol칩gica', NULL, '2025-11-02 00:00:00'),
(15, 'Bloque VI - Laboratorios', NULL, '2025-11-02 00:00:00'),
(16, 'Bloque VII - Biblioteca Germ치n Bula Meyer', NULL, '2025-11-02 00:00:00'),
(17, 'Direcci칩n de Desarrollo Estudiantil', NULL, '2025-11-02 00:00:00'),
(18, 'Edificio Docente Ricardo Villalobos Rico', NULL, '2025-11-02 00:00:00'),
(19, 'Bloque VIII', NULL, '2025-11-02 00:00:00'),
(20, 'Departamento de Estudios Generales e Idiomas', NULL, '2025-11-02 00:00:00'),
(21, 'Cr칠dito y Cartera', NULL, '2025-11-02 00:00:00'),
(22, 'Anfiteatro', NULL, '2025-11-02 00:00:00'),
(23, 'Hangares - Laboratorios Facultad de Ingenier칤as', NULL, '2025-11-02 00:00:00'),
(24, 'Cl칤nica de Simulaci칩n', NULL, '2025-11-02 00:00:00'),
(25, 'Laboratorios de Arqueolog칤a y Antropolog칤a Forense', NULL, '2025-11-02 00:00:00'),
(26, 'Intropic - Laboratorio de Biolog칤a Molecular', NULL, '2025-11-02 00:00:00'),
(27, 'Edificio de Innovaci칩n y Emprendimiento', NULL, '2025-11-02 00:00:00'),
(28, 'Granja Experimental', NULL, '2025-11-02 00:00:00'),
(29, 'Bosque Seco', NULL, '2025-11-02 00:00:00'),
(30, 'Puntos 츼giles', NULL, '2025-11-02 00:00:00'),
(31, 'Plazoleta Central', NULL, '2025-11-02 00:00:00'),
(32, 'Plazoleta de Las Acacias', NULL, '2025-11-02 00:00:00'),
(33, 'Cafeter칤a Central', NULL, '2025-11-02 00:00:00'),
(34, 'Lago', NULL, '2025-11-02 00:00:00'),
(35, 'Plazoleta de Los Almendros', NULL, '2025-11-02 00:00:00'),
(36, 'Hemiciclo Cultural Helado de Leche', NULL, '2025-11-02 00:00:00'),
(37, 'Cancha de Voleibol', NULL, '2025-11-02 00:00:00'),
(38, 'Cancha de Baloncesto', NULL, '2025-11-02 00:00:00'),
(39, 'Cancha de F칰tbol Sala', NULL, '2025-11-02 00:00:00'),
(40, 'Cancha M칰ltiple', NULL, '2025-11-02 00:00:00'),
(41, 'Cancha de Tenis', NULL, '2025-11-02 00:00:00'),
(42, 'Cancha Alterna de F칰tbol', NULL, '2025-11-02 00:00:00'),
(43, 'Parques Biosaludables', NULL, '2025-11-02 00:00:00'),
(44, 'Estadio de F칰tbol y Pista Atl칠tica', NULL, '2025-11-02 00:00:00'),
(45, 'Estadio de S칩ftbol', NULL, '2025-11-02 00:00:00');

-- --------------------------------------------------------

--
-- Estructura de tabla para la tabla `usuarios`
--

CREATE TABLE `usuarios` (
  `id_usuario` int(11) NOT NULL,
  `nombre` varchar(150) NOT NULL,
  `correo` varchar(200) NOT NULL,
  `contrasena` varchar(255) NOT NULL,
  `fecha_creacion` datetime DEFAULT current_timestamp(),
  `rol` varchar(50) DEFAULT 'monitor',
  `codigo` varchar(50) DEFAULT NULL
) ENGINE=InnoDB DEFAULT CHARSET=utf8mb4 COLLATE=utf8mb4_general_ci;

--
-- Volcado de datos para la tabla `usuarios`
--

INSERT INTO `usuarios` (`id_usuario`, `nombre`, `correo`, `contrasena`, `fecha_creacion`, `rol`, `codigo`) VALUES
(1, 'Administrador Principal', 'admin@uni.local', '$2a$10$cgAbG4rzgNyxzaRvrViXhuxu8o22VSuV6cMfv6GIVxPuWxd91hVwO', '2025-10-10 18:53:12', 'admin', '2024000001'),
(2, 'Rub칠n Gonz치lez', 'ruben@gmail.com', '$2y$10$IUUEy4I5pZsYvk8JegVdYOENgG97F6CTvEYcauubU2wjcJIxB4tEO', '2025-10-10 20:05:22', 'admin', '2019214026'),
(3, 'Adriana Mar칤a', 'adriana@gmail.com', '$2a$10$QKpX8RYhbLs0xLVjfR0Sg..zurdv8upVikbiUXj0bvYb27t0aJC4G', '2025-10-11 11:25:45', 'monitor', '2014214026'),
(6, 'yineth avila', 'yine@gmail.com', '$2a$10$P8IO8U7LIlHakG8VisV.wOirU1reccvmELMWNRehp7bMwS/xJ5CBW', '2025-10-31 15:02:05', 'monitor', '2020235281');

--
-- Disparadores `usuarios`
--
DELIMITER $$
CREATE TRIGGER `usuarios_before_insert` BEFORE INSERT ON `usuarios` FOR EACH ROW BEGIN
  IF NEW.codigo IS NOT NULL THEN
    SET NEW.codigo = TRIM(NEW.codigo);
    IF NEW.codigo = '' THEN
      SET NEW.codigo = NULL;
    ELSEIF NEW.codigo NOT REGEXP '^[0-9]{10}$' THEN
      SIGNAL SQLSTATE '45000' SET MESSAGE_TEXT = 'El c칩digo debe tener exactamente 10 d칤gitos (ej: 2014214026).';
    END IF;
  END IF;
END
$$
DELIMITER ;
DELIMITER $$
CREATE TRIGGER `usuarios_before_update` BEFORE UPDATE ON `usuarios` FOR EACH ROW BEGIN
  IF NEW.codigo IS NOT NULL THEN
    SET NEW.codigo = TRIM(NEW.codigo);
    IF NEW.codigo = '' THEN
      SET NEW.codigo = NULL;
    ELSEIF NEW.codigo NOT REGEXP '^[0-9]{10}$' THEN
      SIGNAL SQLSTATE '45000' SET MESSAGE_TEXT = 'El c칩digo debe tener exactamente 10 d칤gitos (ej: 2014214026).';
    END IF;
  END IF;
END
$$
DELIMITER ;

--
-- 칈ndices para tablas volcadas
--

--
-- Indices de la tabla `archivos`
--
ALTER TABLE `archivos`
  ADD PRIMARY KEY (`id_archivo`),
  ADD KEY `id_reporte` (`id_reporte`);

--
-- Indices de la tabla `categorias`
--
ALTER TABLE `categorias`
  ADD PRIMARY KEY (`id_categoria`),
  ADD KEY `id_dependencia` (`id_dependencia`);

--
-- Indices de la tabla `comentarios`
--
ALTER TABLE `comentarios`
  ADD PRIMARY KEY (`id_comentario`),
  ADD KEY `id_reporte` (`id_reporte`),
  ADD KEY `id_usuario` (`id_usuario`);

--
-- Indices de la tabla `dependencias`
--
ALTER TABLE `dependencias`
  ADD PRIMARY KEY (`id_dependencia`);

--
-- Indices de la tabla `estados`
--
ALTER TABLE `estados`
  ADD PRIMARY KEY (`id_estado`),
  ADD UNIQUE KEY `uq_estados_nombre` (`nombre`);

--
-- Indices de la tabla `historial_cambios`
--
ALTER TABLE `historial_cambios`
  ADD PRIMARY KEY (`id_historial`),
  ADD KEY `idx_hist_reporte_fecha` (`id_reporte`,`fecha`),
  ADD KEY `idx_hist_reporte_tipo` (`id_reporte`,`tipo`),
  ADD KEY `hist_fk_estado_old` (`id_estado_anterior`),
  ADD KEY `hist_fk_estado_new` (`id_estado_nuevo`),
  ADD KEY `hist_fk_usuario_actor` (`id_usuario_actor`),
  ADD KEY `hist_fk_usuario_asig` (`id_usuario_asignado`),
  ADD KEY `hist_fk_dep_asig` (`id_dependencia_asignada`);

--
-- Indices de la tabla `notificaciones`
--
ALTER TABLE `notificaciones`
  ADD PRIMARY KEY (`id_notificacion`),
  ADD KEY `idx_notificaciones_tipo` (`tipo`),
  ADD KEY `idx_notificaciones_reporte` (`id_reporte`),
  ADD KEY `idx_notificaciones_usuario_actor` (`id_usuario_actor`),
  ADD KEY `idx_notificaciones_comentario` (`id_comentario`),
  ADD KEY `idx_notificaciones_created` (`created_at`);

--
-- Indices de la tabla `notificaciones_usuarios`
--
ALTER TABLE `notificaciones_usuarios`
  ADD PRIMARY KEY (`id_notificacion_usuario`),
  ADD KEY `idx_notif_usuario_notif` (`id_notificacion`),
  ADD KEY `idx_notif_usuario_user` (`id_usuario`),
  ADD KEY `idx_notif_usuario_leido` (`id_usuario`, `leido`),
  ADD KEY `idx_notif_usuario_created` (`created_at`);

--
-- Indices de la tabla `objetos`
--
ALTER TABLE `objetos`
  ADD PRIMARY KEY (`id_objeto`),
  ADD KEY `id_categoria` (`id_categoria`);

--
-- Indices de la tabla `reportes`
--
ALTER TABLE `reportes`
  ADD PRIMARY KEY (`id_reporte`),
  ADD KEY `id_usuario` (`id_usuario`),
  ADD KEY `id_categoria` (`id_categoria`),
  ADD KEY `id_objeto` (`id_objeto`),
  ADD KEY `id_salon` (`id_salon`),
  ADD KEY `id_estado` (`id_estado`);

--
-- Indices de la tabla `salones`
--
ALTER TABLE `salones`
  ADD PRIMARY KEY (`id_salon`),
  ADD KEY `ubicacion` (`ubicacion`);

--
-- Indices de la tabla `ubicaciones`
--
ALTER TABLE `ubicaciones`
  ADD PRIMARY KEY (`id_ubicacion`),
  ADD UNIQUE KEY `nombre` (`nombre`);

--
-- Indices de la tabla `usuarios`
--
ALTER TABLE `usuarios`
  ADD PRIMARY KEY (`id_usuario`),
  ADD UNIQUE KEY `correo` (`correo`),
  ADD UNIQUE KEY `codigo` (`codigo`);

--
-- AUTO_INCREMENT de las tablas volcadas
--

--
-- AUTO_INCREMENT de la tabla `archivos`
--
ALTER TABLE `archivos`
  MODIFY `id_archivo` int(11) NOT NULL AUTO_INCREMENT;

--
-- AUTO_INCREMENT de la tabla `categorias`
--
ALTER TABLE `categorias`
  MODIFY `id_categoria` int(11) NOT NULL AUTO_INCREMENT, AUTO_INCREMENT=7;

--
-- AUTO_INCREMENT de la tabla `comentarios`
--
ALTER TABLE `comentarios`
  MODIFY `id_comentario` int(11) NOT NULL AUTO_INCREMENT;

--
-- AUTO_INCREMENT de la tabla `dependencias`
--
ALTER TABLE `dependencias`
  MODIFY `id_dependencia` int(11) NOT NULL AUTO_INCREMENT, AUTO_INCREMENT=4;

--
-- AUTO_INCREMENT de la tabla `estados`
--
ALTER TABLE `estados`
  MODIFY `id_estado` int(11) NOT NULL AUTO_INCREMENT, AUTO_INCREMENT=5;

--
-- AUTO_INCREMENT de la tabla `historial_cambios`
--
ALTER TABLE `historial_cambios`
  MODIFY `id_historial` int(11) NOT NULL AUTO_INCREMENT;

--
-- AUTO_INCREMENT de la tabla `notificaciones`
--
ALTER TABLE `notificaciones`
  MODIFY `id_notificacion` int(11) NOT NULL AUTO_INCREMENT;

--
-- AUTO_INCREMENT de la tabla `notificaciones_usuarios`
--
ALTER TABLE `notificaciones_usuarios`
  MODIFY `id_notificacion_usuario` int(11) NOT NULL AUTO_INCREMENT;

--
-- AUTO_INCREMENT de la tabla `objetos`
--
ALTER TABLE `objetos`
  MODIFY `id_objeto` int(11) NOT NULL AUTO_INCREMENT, AUTO_INCREMENT=75;

--
-- AUTO_INCREMENT de la tabla `reportes`
--
ALTER TABLE `reportes`
  MODIFY `id_reporte` int(11) NOT NULL AUTO_INCREMENT, AUTO_INCREMENT=10;

--
-- AUTO_INCREMENT de la tabla `salones`
--
ALTER TABLE `salones`
  MODIFY `id_salon` int(11) NOT NULL AUTO_INCREMENT, AUTO_INCREMENT=67;

--
-- AUTO_INCREMENT de la tabla `ubicaciones`
--
ALTER TABLE `ubicaciones`
  MODIFY `id_ubicacion` int(11) NOT NULL AUTO_INCREMENT, AUTO_INCREMENT=46;

--
-- AUTO_INCREMENT de la tabla `usuarios`
--
ALTER TABLE `usuarios`
  MODIFY `id_usuario` int(11) NOT NULL AUTO_INCREMENT, AUTO_INCREMENT=7;

--
-- Restricciones para tablas volcadas
--

--
-- Filtros para la tabla `archivos`
--
ALTER TABLE `archivos`
  ADD CONSTRAINT `archivos_ibfk_1` FOREIGN KEY (`id_reporte`) REFERENCES `reportes` (`id_reporte`) ON DELETE CASCADE;

--
-- Filtros para la tabla `categorias`
--
ALTER TABLE `categorias`
  ADD CONSTRAINT `categorias_ibfk_1` FOREIGN KEY (`id_dependencia`) REFERENCES `dependencias` (`id_dependencia`) ON DELETE SET NULL;

--
-- Filtros para la tabla `comentarios`
--
ALTER TABLE `comentarios`
  ADD CONSTRAINT `comentarios_ibfk_1` FOREIGN KEY (`id_reporte`) REFERENCES `reportes` (`id_reporte`) ON DELETE CASCADE,
  ADD CONSTRAINT `comentarios_ibfk_2` FOREIGN KEY (`id_usuario`) REFERENCES `usuarios` (`id_usuario`) ON DELETE SET NULL;

--
-- Filtros para la tabla `historial_cambios`
--
ALTER TABLE `historial_cambios`
  ADD CONSTRAINT `hist_fk_dep_asig` FOREIGN KEY (`id_dependencia_asignada`) REFERENCES `dependencias` (`id_dependencia`) ON DELETE SET NULL,
  ADD CONSTRAINT `hist_fk_estado_new` FOREIGN KEY (`id_estado_nuevo`) REFERENCES `estados` (`id_estado`),
  ADD CONSTRAINT `hist_fk_estado_old` FOREIGN KEY (`id_estado_anterior`) REFERENCES `estados` (`id_estado`),
  ADD CONSTRAINT `hist_fk_reporte` FOREIGN KEY (`id_reporte`) REFERENCES `reportes` (`id_reporte`) ON DELETE CASCADE,
  ADD CONSTRAINT `hist_fk_usuario_actor` FOREIGN KEY (`id_usuario_actor`) REFERENCES `usuarios` (`id_usuario`) ON DELETE SET NULL,
  ADD CONSTRAINT `hist_fk_usuario_asig` FOREIGN KEY (`id_usuario_asignado`) REFERENCES `usuarios` (`id_usuario`) ON DELETE SET NULL;

--
-- Filtros para la tabla `notificaciones`
--
ALTER TABLE `notificaciones`
  ADD CONSTRAINT `notif_fk_reporte` FOREIGN KEY (`id_reporte`) REFERENCES `reportes` (`id_reporte`) ON DELETE CASCADE,
  ADD CONSTRAINT `notif_fk_comentario` FOREIGN KEY (`id_comentario`) REFERENCES `comentarios` (`id_comentario`) ON DELETE CASCADE,
  ADD CONSTRAINT `notif_fk_usuario_actor` FOREIGN KEY (`id_usuario_actor`) REFERENCES `usuarios` (`id_usuario`) ON DELETE SET NULL;

--
-- Filtros para la tabla `notificaciones_usuarios`
--
ALTER TABLE `notificaciones_usuarios`
  ADD CONSTRAINT `notif_usuarios_fk_notif` FOREIGN KEY (`id_notificacion`) REFERENCES `notificaciones` (`id_notificacion`) ON DELETE CASCADE,
  ADD CONSTRAINT `notif_usuarios_fk_usuario` FOREIGN KEY (`id_usuario`) REFERENCES `usuarios` (`id_usuario`) ON DELETE CASCADE;

--
-- Filtros para la tabla `objetos`
--
ALTER TABLE `objetos`
  ADD CONSTRAINT `objetos_ibfk_1` FOREIGN KEY (`id_categoria`) REFERENCES `categorias` (`id_categoria`) ON DELETE SET NULL;

--
-- Filtros para la tabla `reportes`
--
ALTER TABLE `reportes`
  ADD CONSTRAINT `reportes_fk_estado` FOREIGN KEY (`id_estado`) REFERENCES `estados` (`id_estado`),
  ADD CONSTRAINT `reportes_ibfk_1` FOREIGN KEY (`id_usuario`) REFERENCES `usuarios` (`id_usuario`) ON DELETE SET NULL,
  ADD CONSTRAINT `reportes_ibfk_2` FOREIGN KEY (`id_categoria`) REFERENCES `categorias` (`id_categoria`) ON DELETE SET NULL,
  ADD CONSTRAINT `reportes_ibfk_3` FOREIGN KEY (`id_objeto`) REFERENCES `objetos` (`id_objeto`) ON DELETE SET NULL,
  ADD CONSTRAINT `reportes_ibfk_4` FOREIGN KEY (`id_salon`) REFERENCES `salones` (`id_salon`) ON DELETE SET NULL;

--
-- Filtros para la tabla `salones`
--
ALTER TABLE `salones`
  ADD CONSTRAINT `salones_fk_ubicacion` FOREIGN KEY (`ubicacion`) REFERENCES `ubicaciones` (`id_ubicacion`) ON DELETE CASCADE;

-- ============================================================================
-- TRIGGERS AUTOM츼TICOS PARA NOTIFICACIONES
-- ============================================================================

--
-- Trigger: Crear notificaci칩n cuando cambia el estado de un reporte
--
DELIMITER $$
CREATE TRIGGER `notif_reporte_cambio_estado` AFTER UPDATE ON `reportes`
FOR EACH ROW
BEGIN
    DECLARE v_notif_id INT;
    DECLARE v_estado_nombre_nuevo VARCHAR(50);
    DECLARE v_estado_nombre_anterior VARCHAR(50);
    DECLARE v_titulo_notif VARCHAR(255);
    DECLARE v_mensaje_notif TEXT;
    
    -- Solo si cambi칩 el estado
    IF NEW.id_estado != OLD.id_estado THEN
        -- Obtener nombres de estados
        SELECT nombre INTO v_estado_nombre_nuevo FROM estados WHERE id_estado = NEW.id_estado;
        SELECT nombre INTO v_estado_nombre_anterior FROM estados WHERE id_estado = OLD.id_estado;
        
        -- Crear t칤tulo y mensaje
        SET v_titulo_notif = CONCAT('Reporte #', NEW.id_reporte, ' cambi칩 de estado');
        SET v_mensaje_notif = CONCAT('El estado cambi칩 de "', v_estado_nombre_anterior, '" a "', v_estado_nombre_nuevo, '"');
        
        -- Insertar notificaci칩n
        INSERT INTO notificaciones (
            tipo, titulo, mensaje, enlace, prioridad, icono, color,
            id_reporte, id_usuario_actor, metadata
        ) VALUES (
            'estado_cambio',
            v_titulo_notif,
            v_mensaje_notif,
            CONCAT('/detalle-reporte.html?id=', NEW.id_reporte),
            2, -- prioridad normal
            'fa-sync-alt',
            CASE v_estado_nombre_nuevo
                WHEN 'resuelto' THEN 'success'
                WHEN 'en proceso' THEN 'warning'
                WHEN 'revisado' THEN 'info'
                ELSE 'primary'
            END,
            NEW.id_reporte,
            NULL, -- se puede capturar el usuario desde la app
            JSON_OBJECT(
                'estado_anterior', v_estado_nombre_anterior,
                'estado_nuevo', v_estado_nombre_nuevo,
                'titulo_reporte', NEW.titulo
            )
        );
        
        SET v_notif_id = LAST_INSERT_ID();
        
        -- Notificar al creador del reporte (si existe)
        IF NEW.id_usuario IS NOT NULL THEN
            INSERT INTO notificaciones_usuarios (id_notificacion, id_usuario)
            VALUES (v_notif_id, NEW.id_usuario);
        END IF;
        
        -- Notificar a todos los administradores
        INSERT INTO notificaciones_usuarios (id_notificacion, id_usuario)
        SELECT v_notif_id, id_usuario 
        FROM usuarios 
        WHERE rol = 'admin' AND id_usuario != NEW.id_usuario;
    END IF;
END$$
DELIMITER ;

--
-- Trigger: Crear notificaci칩n cuando se agrega un comentario
--
DELIMITER $$
CREATE TRIGGER `notif_comentario_nuevo` AFTER INSERT ON `comentarios`
FOR EACH ROW
BEGIN
    DECLARE v_notif_id INT;
    DECLARE v_reporte_usuario INT;
    DECLARE v_reporte_titulo VARCHAR(255);
    DECLARE v_usuario_nombre VARCHAR(150);
    
    -- Obtener datos del reporte
    SELECT id_usuario, titulo INTO v_reporte_usuario, v_reporte_titulo
    FROM reportes WHERE id_reporte = NEW.id_reporte;
    
    -- Obtener nombre del usuario que coment칩
    SELECT nombre INTO v_usuario_nombre FROM usuarios WHERE id_usuario = NEW.id_usuario;
    
    -- Crear notificaci칩n
    INSERT INTO notificaciones (
        tipo, titulo, mensaje, enlace, prioridad, icono, color,
        id_reporte, id_comentario, id_usuario_actor, metadata
    ) VALUES (
        'comentario_nuevo',
        CONCAT('Nuevo comentario en reporte #', NEW.id_reporte),
        CONCAT(COALESCE(v_usuario_nombre, 'Un usuario'), ' agreg칩 un comentario'),
        CONCAT('/detalle-reporte.html?id=', NEW.id_reporte, '#comentarios'),
        2,
        'fa-comment',
        'info',
        NEW.id_reporte,
        NEW.id_comentario,
        NEW.id_usuario,
        JSON_OBJECT(
            'titulo_reporte', v_reporte_titulo,
            'comentario_preview', LEFT(NEW.comentario, 100)
        )
    );
    
    SET v_notif_id = LAST_INSERT_ID();
    
    -- Notificar al creador del reporte (si no es quien coment칩)
    IF v_reporte_usuario IS NOT NULL AND v_reporte_usuario != NEW.id_usuario THEN
        INSERT INTO notificaciones_usuarios (id_notificacion, id_usuario)
        VALUES (v_notif_id, v_reporte_usuario);
    END IF;
    
    -- Notificar a otros usuarios que han comentado en este reporte
    INSERT INTO notificaciones_usuarios (id_notificacion, id_usuario)
    SELECT DISTINCT v_notif_id, c.id_usuario
    FROM comentarios c
    WHERE c.id_reporte = NEW.id_reporte 
      AND c.id_usuario != NEW.id_usuario
      AND c.id_usuario != v_reporte_usuario
      AND c.id_usuario IS NOT NULL;
END$$
DELIMITER ;

--
-- Trigger: Crear notificaci칩n cuando se modifica un reporte
--
DELIMITER $$
CREATE TRIGGER `notif_reporte_modificado` AFTER UPDATE ON `reportes`
FOR EACH ROW
BEGIN
    DECLARE v_notif_id INT;
    DECLARE v_cambios TEXT;
    
    -- Solo si cambi칩 algo importante (no el estado, que ya tiene su trigger)
    IF (NEW.titulo != OLD.titulo OR NEW.descripcion != OLD.descripcion OR 
        NEW.id_categoria != OLD.id_categoria OR NEW.id_salon != OLD.id_salon) AND
       NEW.id_estado = OLD.id_estado THEN
        
        SET v_cambios = '';
        
        IF NEW.titulo != OLD.titulo THEN
            SET v_cambios = CONCAT(v_cambios, 't칤tulo, ');
        END IF;
        
        IF NEW.descripcion != OLD.descripcion THEN
            SET v_cambios = CONCAT(v_cambios, 'descripci칩n, ');
        END IF;
        
        IF NEW.id_categoria != OLD.id_categoria THEN
            SET v_cambios = CONCAT(v_cambios, 'categor칤a, ');
        END IF;
        
        IF NEW.id_salon != OLD.id_salon THEN
            SET v_cambios = CONCAT(v_cambios, 'ubicaci칩n, ');
        END IF;
        
        -- Quitar 칰ltima coma
        SET v_cambios = TRIM(TRAILING ', ' FROM v_cambios);
        
        -- Crear notificaci칩n
        INSERT INTO notificaciones (
            tipo, titulo, mensaje, enlace, prioridad, icono, color,
            id_reporte, id_usuario_actor, metadata
        ) VALUES (
            'reporte_modificado',
            CONCAT('Reporte #', NEW.id_reporte, ' actualizado'),
            CONCAT('Se modific칩: ', v_cambios),
            CONCAT('/detalle-reporte.html?id=', NEW.id_reporte),
            1, -- prioridad baja
            'fa-edit',
            'primary',
            NEW.id_reporte,
            NULL,
            JSON_OBJECT('cambios', v_cambios, 'titulo_reporte', NEW.titulo)
        );
        
        SET v_notif_id = LAST_INSERT_ID();
        
        -- Notificar al creador del reporte
        IF NEW.id_usuario IS NOT NULL THEN
            INSERT INTO notificaciones_usuarios (id_notificacion, id_usuario)
            VALUES (v_notif_id, NEW.id_usuario);
        END IF;
    END IF;
END$$
DELIMITER ;

--
-- Trigger: Notificar al administrador cuando se crea un nuevo reporte
--
DELIMITER $$
CREATE TRIGGER `notif_nuevo_reporte` AFTER INSERT ON `reportes`
FOR EACH ROW
BEGIN
    DECLARE v_notif_id INT;
    DECLARE v_categoria_nombre VARCHAR(100);
    DECLARE v_prioridad INT DEFAULT 1;
    DECLARE v_color VARCHAR(20) DEFAULT 'azul';
    DECLARE v_titulo_notif VARCHAR(255);
    
    -- Obtener nombre de la categor칤a
    SELECT nombre INTO v_categoria_nombre
    FROM categorias
    WHERE id_categoria = NEW.id_categoria
    LIMIT 1;
    
    -- Si es categor칤a urgente, cambiar prioridad y color
    IF LOWER(v_categoria_nombre) LIKE '%urgencia%' OR 
       LOWER(v_categoria_nombre) LIKE '%urgente%' OR 
       LOWER(v_categoria_nombre) LIKE '%emergencia%' OR 
       LOWER(v_categoria_nombre) LIKE '%cr칤tico%' OR
       LOWER(v_categoria_nombre) LIKE '%critico%' OR
       NEW.id_categoria = 6 THEN
        SET v_prioridad = 3;
        SET v_color = 'rojo';
        SET v_titulo_notif = '游뚿 URGENTE: Nuevo reporte creado';
    ELSE
        SET v_prioridad = 1;
        SET v_color = 'azul';
        SET v_titulo_notif = 'Nuevo reporte creado';
    END IF;
    
    -- Crear notificaci칩n
    INSERT INTO notificaciones (
        tipo, titulo, mensaje, enlace, prioridad, icono, color,
        id_reporte, id_usuario_actor, metadata
    ) VALUES (
        'nuevo_reporte',
        v_titulo_notif,
        CONCAT('Se ha creado un nuevo reporte: ', NEW.titulo),
        CONCAT('detalle-reporte.html?id=', NEW.id_reporte),
        v_prioridad,
        'add_circle',
        v_color,
        NEW.id_reporte,
        NEW.id_usuario,
        JSON_OBJECT('categoria', v_categoria_nombre)
    );
    
    SET v_notif_id = LAST_INSERT_ID();
    
    -- Notificar a todos los administradores
    INSERT INTO notificaciones_usuarios (id_notificacion, id_usuario)
    SELECT v_notif_id, u.id_usuario
    FROM usuarios u
    WHERE u.rol = 'admin'
      AND u.id_usuario != NEW.id_usuario;
END$$
DELIMITER ;

COMMIT;

/*!40101 SET CHARACTER_SET_CLIENT=@OLD_CHARACTER_SET_CLIENT */;
/*!40101 SET CHARACTER_SET_RESULTS=@OLD_CHARACTER_SET_RESULTS */;
/*!40101 SET COLLATION_CONNECTION=@OLD_COLLATION_CONNECTION */;
